payment_id,policy_id,payment_date,amount,currency,method,reference
30001,10301.0,2023-05-10,171037.81,XOF,MTN MoMo,REFPTXMQT09
30002,10740.0,2023-09-07,179351.23,EUR,Orange Money,REFU3PC0OXI
30003,10228.0,2023-09-30,188083.29,EUR,Espèces,REFI6G8E24R
30004,10731.0,2025-02-24,-216581.99,XOF,Espèces,REFZQCEQ0YE
30005,10564.0,19/12/2023,174589.12,XOF,Chèque,REFZ2B0FMKO
30006,10619.0,2025-01-13,135524.54,EUR,MTN MoMo,REFXKDRU4C2
30007,10432.0,2024-10-14,190354.42,XOF,Espèces,REFS49MVK8S
30008,10271.0,03/02/2025,263992.92,XOF,Chèque,REFZWCYKVMQ
30009,10707.0,24/03/2024,-142041.98,XOF,MTN MoMo,REFYJL4YKFJ
30010,10500.0,27/02/2024,-91528.24,XOF,Orange Money,REFD7B4ISYI
30011,10517.0,25/05/2024,216424.84,XOF,Chèque,REFMTB6T9BY
30012,10120.0,10/01/2024,142777.13,XOF,Virement,REFOAWQF1CL
30013,10391.0,2024-01-10,19639.83,XOF,MTN MoMo,REFMRUWNN6L
30014,10665.0,03/09/2023,200845.3,EUR,Chèque,REFES58KCIM
30015,10165.0,2024-12-07,117880.31,XOF,MTN MoMo,REF3CQYT9F1
30016,10404.0,27/10/2024,144568.0,XOF,Carte,REFK6RZLCH2
30017,10681.0,2023-05-19,169918.82,EUR,Chèque,REFHS1F8G0Y
30018,10248.0,2023-06-26,161429.98,XOF,Carte,REFAZU9PK42
30019,10590.0,14/09/2023,192567.11,XOF,MTN MoMo,REFZXMUUCA7
30020,10490.0,14/09/2024,123870.82,XOF,Carte,REFLOD6D8E2
30021,10759.0,2025-01-17,180786.35,EUR,Espèces,REFCH1WY6PO
30022,10191.0,20/05/2024,134427.2,XOF,Virement,REFAFDZHDID
30023,10607.0,29/05/2025,194328.63,XOF,Carte,REFUYKMG3DU
30024,10605.0,06/02/2023,186922.05,XOF,Carte,REFOU3HPF15
30025,10642.0,13/02/2024,93873.68,EUR,Espèces,REFD4HTUW52
30026,10491.0,25/10/2023,-215158.93,XOF,Carte,REFA5I8JNBR
30027,10263.0,2025-07-04,117842.19,EUR,Chèque,REFMZM4QI31
30028,10214.0,01/05/2023,198483.47,XOF,Virement,REFX401L519
30029,10032.0,12/07/2023,172037.24,XOF,Orange Money,REFP5AMVOV4
30030,10407.0,11/02/2024,260291.02,XOF,Virement,REFHQBDYSAA
30031,10508.0,2025-06-06,136592.04,XOF,Espèces,REFIHHB1MTR
30032,10293.0,21/06/2025,129040.99,XOF,MTN MoMo,REFIM04RF4L
30033,10555.0,2025-05-08,148834.82,XOF,MTN MoMo,REFM9EWEUPA
30034,10220.0,30/07/2025,131809.21,EUR,Virement,REFRUHZH54G
30035,10247.0,2024-06-28,-197996.51,XOF,Espèces,REFPSO6JPRZ
30036,10101.0,2024-02-07,53021.36,XOF,Carte,REFDL6URBJS
30037,10005.0,2024-06-09,86779.05,XOF,MTN MoMo,REFNGELHNCO
30038,10391.0,02/05/2023,85931.82,EUR,Chèque,REFCSF0ALMW
30039,10389.0,26/12/2023,207018.46,EUR,Virement,REFSJ424IQ9
30040,10827.0,2023-01-28,252636.8,XOF,MTN MoMo,REF94MOPA94
30041,10095.0,07/09/2024,143733.05,EUR,MTN MoMo,REF188NV6YY
30042,10668.0,27/05/2025,139870.7,EUR,Chèque,REF2IN2BU4W
30043,10022.0,19/03/2025,154203.13,EUR,Espèces,REFY6BEG224
30044,10772.0,2025-03-03,219712.7,XOF,Virement,REFG0RQAP37
30045,10339.0,30/12/2024,94358.81,XOF,Espèces,REF3VMK0PLE
30046,10087.0,2025-01-29,164302.14,EUR,Chèque,REFEMS8E809
30047,10736.0,2025-06-04,208511.86,EUR,Chèque,REFU2ZLGLEO
30048,10218.0,2024-07-18,180065.65,XOF,Virement,REFYYBDAU8E
30049,10730.0,2024-09-29,161374.9,XOF,MTN MoMo,REF0I4527KK
30050,10716.0,01/08/2025,210062.77,XOF,Virement,REFZ1256HHG
30051,10548.0,2025-04-09,-12193.94,XOF,Espèces,REFXBE5NW8R
30052,10848.0,26/03/2023,190672.52,EUR,Orange Money,REF8YSVCZA0
30053,10124.0,2023-04-29,110755.46,XOF,Carte,REFJZCDUSCU
30054,10372.0,2025-03-30,40162.03,XOF,MTN MoMo,REF83Y7418G
30055,10509.0,2025-01-08,180672.16,EUR,Espèces,REFAQUEFIMD
30056,10089.0,07/02/2025,232419.51,XOF,Orange Money,REFOUVWXOAT
30057,10370.0,21/07/2025,141753.09,XOF,Virement,REFQOO3T91A
30058,10015.0,13/07/2023,207172.47,EUR,MTN MoMo,REFBISCW1PZ
30059,10783.0,21/03/2024,246736.7,EUR,Orange Money,REF22ZU6SJJ
30060,10159.0,2024-11-19,228894.87,EUR,Chèque,REF57GOCRK5
30061,10832.0,2023-12-15,248397.87,EUR,Chèque,REFMJ1SSQVR
30062,10592.0,2023-12-25,-194527.65,XOF,Carte,REF1CPGW9CE
30063,10762.0,2024-02-03,154526.02,EUR,Espèces,REFIA619Q1J
30064,10779.0,2023-02-10,53882.05,XOF,Virement,REFFFQ0NEZH
30065,10779.0,2024-10-10,135236.25,XOF,Carte,REFO7O7GRI9
30066,10133.0,03/06/2023,99405.2,XOF,Espèces,REFQ633RGMU
30067,10105.0,06/02/2023,280256.56,XOF,Virement,REFTVFH7B0A
30068,10203.0,15/07/2023,139446.85,XOF,Virement,REFNW8EX6WA
30069,10476.0,2023-08-13,157392.29,XOF,Orange Money,REFRPXT6XNN
30070,10723.0,01/01/2024,183089.12,XOF,MTN MoMo,REFNXTIWFKL
30071,10731.0,2023-05-29,152616.15,XOF,Chèque,REFWJ8SUWUH
30072,10468.0,20/09/2024,251703.06,XOF,Chèque,REFCNIDS13P
30073,10354.0,28/03/2025,112641.04,XOF,Carte,REFLOP6XOYB
30074,10662.0,2024-04-13,161676.45,XOF,Espèces,REF53UTIUMW
30075,10749.0,01/01/2023,105451.76,EUR,Espèces,REFNFLUO6PH
30076,10693.0,2024-02-29,70798.65,XOF,Orange Money,REFAUM2KN2X
30077,10204.0,18/03/2023,113293.85,XOF,Orange Money,REFF4AF3QHY
30078,10227.0,2024-11-30,147777.79,EUR,Virement,REFHZG8H7QU
30079,,08/03/2023,124241.87,XOF,Chèque,REFBATPZ00H
30080,10880.0,2025-02-02,108454.74,XOF,Espèces,REFXSWWKRPC
30081,10836.0,23/09/2024,65620.95,EUR,Orange Money,REFK7ZXWUAM
30082,10503.0,2025-04-14,145013.67,XOF,Espèces,REF62Y8T150
30083,10806.0,02/07/2025,59716.78,XOF,Espèces,REFOM9TP2KQ
30084,10093.0,2024-08-30,195603.36,XOF,Orange Money,REFIJB3SWSO
30085,10765.0,2023-11-28,154946.39,XOF,Virement,REFOVXJI1IJ
30086,10416.0,01/09/2024,62546.91,XOF,Carte,REFN3SCSBLL
30087,10637.0,25/10/2023,131447.46,XOF,Carte,REFRJJP6E0C
30088,10084.0,10/07/2023,104870.62,EUR,Espèces,REFZ9TOS7CU
30089,10655.0,15/02/2023,-169150.47,XOF,Espèces,REFHETZXA3S
30090,10324.0,2025-02-06,-230427.03,EUR,Carte,REFGSD5BGKM
30091,10477.0,07/04/2023,37489.65,EUR,Carte,REF0XDKUUGO
30092,10804.0,11/01/2025,156901.56,XOF,Espèces,REF3UTCPXCA
30093,10012.0,19/10/2024,140392.03,XOF,Virement,REF1846849A
30094,10719.0,14/04/2023,190280.4,XOF,Carte,REF3CHUFEU7
30095,10791.0,07/04/2025,162791.8,EUR,MTN MoMo,REF5C7RSMFQ
30096,10554.0,08/01/2023,104881.84,EUR,Carte,REF20ZX79V3
30097,10076.0,15/03/2024,130856.76,XOF,MTN MoMo,REFTBXT6YEY
30098,10661.0,09/03/2025,102238.45,XOF,MTN MoMo,REFCLV01U6C
30099,10807.0,2023-06-04,214560.43,EUR,Espèces,REFTYZ9345Z
30100,10649.0,21/04/2023,151278.7,XOF,Chèque,REFMMDFBHPS
30101,10415.0,15/03/2025,264071.44,XOF,Carte,REFJ2OBTCW6
30102,10263.0,2023-02-09,146360.35,EUR,Orange Money,REFUJUM3AY4
30103,10341.0,28/04/2025,107495.59,EUR,Orange Money,REFJOVHWT3U
30104,10042.0,13/05/2024,59177.14,XOF,Orange Money,REFFWAWQ4X6
30105,10184.0,2023-11-20,41811.62,EUR,MTN MoMo,REFOODVMBO4
30106,10293.0,2024-05-22,54951.84,XOF,MTN MoMo,REFYNSUA88N
30107,10624.0,2025-04-05,166027.6,EUR,Chèque,REFEZOAGVE3
30108,10410.0,2025-06-16,180523.5,EUR,MTN MoMo,REFXENFRRYB
30109,10065.0,07/07/2025,55128.56,XOF,Chèque,REFZFFGHF3O
30110,10035.0,2023-01-01,203702.3,EUR,MTN MoMo,REF5QD8C1AM
30111,10750.0,07/07/2025,121016.34,XOF,Virement,REFSNOL8WKF
30112,10154.0,10/05/2023,158807.58,XOF,MTN MoMo,REF7U66ID36
30113,10657.0,2025-03-28,246733.24,XOF,Carte,REFJ64YW5R1
30114,10155.0,06/12/2024,203810.36,XOF,Carte,REFPTIHWUY0
30115,10083.0,2024-05-29,133888.16,XOF,Carte,REF5FO9SW23
30116,10696.0,2023-12-07,96528.47,XOF,Chèque,REF5P1KSTH1
30117,10506.0,23/04/2025,20891.08,XOF,Espèces,REFXHE68Y1T
30118,10340.0,17/02/2023,106850.8,XOF,Espèces,REFSQAJOP6Z
30119,10546.0,2023-05-12,137332.19,XOF,Chèque,REF0EWLC4H6
30120,10569.0,04/01/2024,90769.23,EUR,Carte,REFEXB4Z7J8
30121,,2023-01-04,142124.58,XOF,Carte,REFJKF2V7MQ
30122,10278.0,2025-08-11,154611.11,XOF,Carte,REF3YNIIJUQ
30123,10638.0,18/03/2024,136508.64,XOF,Chèque,REF02KKVR0T
30124,10365.0,13/04/2025,110999.85,EUR,Chèque,REFSBZ75EUF
30125,10622.0,19/09/2023,160119.28,XOF,Chèque,REFRK58HEGI
30126,10617.0,2023-11-26,176516.44,XOF,Carte,REFKHEL706H
30127,10406.0,2024-07-22,84576.06,XOF,Chèque,REFAAOO91OA
30128,10461.0,22/01/2024,234655.94,XOF,Virement,REF5GYTE3H4
30129,10426.0,2025-06-04,144084.71,EUR,Virement,REFEJ2VHAK2
30130,10660.0,23/08/2024,151130.98,EUR,Chèque,REFO8BJMIGJ
30131,10271.0,2023-07-30,192492.87,XOF,Orange Money,REFESL4PD8G
30132,10030.0,12/06/2025,163992.97,EUR,Virement,REF1AU0INWT
30133,10086.0,2024-12-06,207188.2,XOF,Espèces,REFUJCIUHD1
30134,10420.0,2023-07-18,167227.45,XOF,Chèque,REFRQSRNH2P
30135,10214.0,03/05/2025,113253.76,XOF,Carte,REFH3T8X2G2
30136,10876.0,2023-05-14,171690.21,EUR,Orange Money,REFE5BCIDL8
30137,10316.0,2023-10-17,81376.43,EUR,Virement,REFW1JVAA08
30138,10100.0,30/03/2025,156513.58,XOF,Espèces,REF49XUD9RT
30139,10028.0,26/01/2024,148006.2,EUR,Orange Money,REFQ9VOBGGG
30140,10313.0,2023-08-18,137512.99,EUR,Carte,REF966WQX1N
30141,10699.0,2024-03-30,142287.75,EUR,Virement,REFAEMYD8YH
30142,,2023-07-07,37089.06,XOF,Chèque,REFOTTXT1B1
30143,10352.0,2024-11-20,117076.51,EUR,Virement,REF533KHZH4
30144,10281.0,06/10/2023,155570.69,XOF,Carte,REFR4X51MO5
30145,10271.0,2025-01-23,159591.38,EUR,Chèque,REFW3W90M43
30146,10245.0,09/10/2023,88339.49,XOF,Espèces,REFJ1IRVA0Y
30147,10766.0,2024-06-20,225942.47,XOF,Espèces,REF5I2MT71R
30148,10008.0,2024-01-19,98029.51,EUR,Virement,REFUGVIVK0B
30149,10284.0,10/04/2025,208167.43,XOF,Chèque,REF85DA5H3Z
30150,10859.0,31/01/2023,175631.66,EUR,Carte,REFMITWPHKO
30151,10288.0,2024-10-25,111226.36,EUR,MTN MoMo,REF0I486H2W
30152,10271.0,2023-04-25,256518.65,XOF,Virement,REFBDGRB2D5
30153,10336.0,2023-04-28,78381.79,EUR,Orange Money,REFUQS95ADJ
30154,10330.0,2024-04-02,205149.25,XOF,Espèces,REF4A3M1XGB
30155,10779.0,2024-04-23,-210034.94,XOF,Chèque,REFPQRW6T77
30156,10615.0,06/07/2023,109762.79,XOF,MTN MoMo,REFUERJVV88
30157,10105.0,17/12/2024,233547.92,EUR,Virement,REFOSA6S9RC
30158,10046.0,2024-10-05,134997.21,XOF,Chèque,REF53JR8S1Y
30159,10309.0,27/03/2024,167321.62,XOF,Espèces,REFIS1QP5XY
30160,10008.0,2025-06-07,165619.31,XOF,Espèces,REFSWG5T3IX
30161,10400.0,02/04/2025,141941.48,EUR,Virement,REFRS0SJJJB
30162,10576.0,05/11/2024,198648.5,XOF,Espèces,REFHGWQ5P43
30163,10159.0,2024-03-09,197609.32,XOF,Carte,REFH6BE8XOH
30164,10022.0,2024-09-06,45088.08,EUR,Virement,REFM89BVV2J
30165,10814.0,11/05/2025,228260.41,XOF,Virement,REFAF9VHU7A
30166,10300.0,12/05/2023,50250.48,XOF,MTN MoMo,REF1YNS3BTE
30167,10710.0,2023-02-03,211952.77,XOF,Carte,REFTZHSP3V5
30168,10601.0,2025-04-10,217602.31,XOF,MTN MoMo,REFI3NDFFY1
30169,10892.0,2023-05-22,84542.01,XOF,Espèces,REFSGNXY12X
30170,10082.0,11/12/2023,125351.14,XOF,Orange Money,REFU04W4JSN
30171,10692.0,2025-03-29,83657.72,XOF,MTN MoMo,REF540SEJOK
30172,10244.0,2025-07-28,137104.74,XOF,Chèque,REFMMZ1H4SC
30173,10064.0,2024-06-03,131517.94,EUR,Virement,REF1K1QRRN5
30174,10379.0,2023-10-18,196779.63,XOF,Carte,REF403IVWAC
30175,10292.0,2025-06-14,228618.52,XOF,Espèces,REFU0QJZ6PE
30176,10695.0,2024-07-31,233741.03,XOF,Chèque,REFFNH671PJ
30177,10752.0,21/03/2025,-116269.92,XOF,Espèces,REFRYOHCKNE
30178,10643.0,26/07/2023,137446.69,XOF,Chèque,REFM8MIKM85
30179,10373.0,2025-08-03,48993.71,XOF,Virement,REFH27R81OB
30180,10841.0,12/03/2025,101647.8,XOF,Carte,REFS1BHRNLQ
30181,10329.0,2025-02-23,207891.1,XOF,MTN MoMo,REFIU52W85Y
30182,10431.0,2023-02-06,246934.97,XOF,Orange Money,REF9BN1HCD4
30183,10178.0,14/02/2023,75939.07,XOF,Espèces,REFZ7PRB6X6
30184,10557.0,27/07/2024,114452.14,XOF,Orange Money,REFTK7S1OQO
30185,10766.0,22/06/2025,148415.65,XOF,Virement,REFSDK0OKK0
30186,10423.0,11/11/2023,166809.67,XOF,Carte,REF1VPIVXSY
30187,10563.0,30/04/2024,101423.79,XOF,Espèces,REFNQD7J3H2
30188,10632.0,2024-12-21,175443.66,EUR,Carte,REFOXHK7W2V
30189,10012.0,2025-05-17,121569.64,EUR,Orange Money,REFOY3C6XT4
30190,10591.0,11/03/2025,149132.86,XOF,Virement,REFNRGBQIZ1
30191,10055.0,2024-02-01,182777.05,EUR,Carte,REF7Z98RI72
30192,10336.0,2024-08-21,150385.34,EUR,Espèces,REFXX2N2SUA
30193,10892.0,2023-12-28,123816.85,EUR,MTN MoMo,REFXJJVHOIQ
30194,10377.0,2024-02-25,143423.41,XOF,Chèque,REFGCF9SPQD
30195,10378.0,21/05/2023,144698.22,XOF,Espèces,REFYX2OWIL4
30196,10328.0,20/02/2023,127799.34,XOF,MTN MoMo,REF3ZS76O9G
30197,10502.0,2024-11-18,134472.24,XOF,MTN MoMo,REFHTAB92WC
30198,10844.0,17/05/2024,-245918.83,XOF,Espèces,REFM6X4K3OW
30199,,08/12/2023,183655.17,XOF,Chèque,REFWP82H6SG
30200,10320.0,2025-08-22,132271.18,XOF,MTN MoMo,REFHPA169DT
30201,10467.0,22/10/2023,191817.26,XOF,Virement,REF9I4BIVPI
30202,10090.0,03/07/2023,129970.83,XOF,Chèque,REFHO68MA1J
30203,10334.0,06/12/2023,220387.48,XOF,Chèque,REFYO60F0EA
30204,10365.0,2025-07-14,172178.53,XOF,MTN MoMo,REFPAQCCGZD
30205,10393.0,09/04/2024,143561.87,XOF,Orange Money,REFN2UIZIWN
30206,10543.0,16/10/2023,176863.02,EUR,MTN MoMo,REFL36UG4ZI
30207,10152.0,2023-10-05,55747.43,XOF,MTN MoMo,REF0UFBC16L
30208,10313.0,11/07/2024,82393.95,XOF,Espèces,REFK10IO1AR
30209,10791.0,13/01/2024,78364.5,XOF,Virement,REFUTKO9I7B
30210,,2023-05-31,158576.59,EUR,Chèque,REFC3MZWTY2
30211,10884.0,2023-08-06,253950.9,XOF,MTN MoMo,REFQ4TNDNQB
30212,10619.0,07/04/2023,283878.01,XOF,MTN MoMo,REF1CCMN3DN
30213,10788.0,2024-07-15,188283.07,XOF,MTN MoMo,REF9NXBV30B
30214,10359.0,2024-12-22,180050.67,XOF,MTN MoMo,REF9MH4QX49
30215,10886.0,13/01/2024,-41936.54,EUR,Espèces,REFTXPXZQU3
30216,10421.0,27/01/2023,117439.57,XOF,MTN MoMo,REFUS50AV7H
30217,10859.0,04/01/2023,102732.97,XOF,Carte,REFXB59ROGA
30218,10865.0,2025-04-01,112749.14,EUR,MTN MoMo,REF42DYQZS5
30219,10103.0,2023-04-18,139911.37,XOF,Chèque,REFP8QW8NZU
30220,10115.0,30/08/2024,121674.57,XOF,Virement,REFNI747X20
30221,10802.0,2024-11-17,31242.01,XOF,Espèces,REFDQJ3SXGT
30222,10565.0,2023-05-14,194874.62,EUR,Chèque,REF7KQI5WWY
30223,10342.0,2024-11-01,85635.42,EUR,Virement,REFVV1GFBCH
30224,10714.0,25/01/2024,164354.81,XOF,Chèque,REFNRUU8UHI
30225,10039.0,2023-08-06,274444.96,XOF,Virement,REFBXTS02NI
30226,10864.0,06/12/2023,94836.92,XOF,MTN MoMo,REF18JSEUO4
30227,10604.0,21/07/2023,-1817.25,XOF,Espèces,REF2EHPQP6A
30228,10251.0,2024-08-04,132839.75,XOF,MTN MoMo,REF4XBLRX02
30229,10577.0,22/03/2023,216057.58,XOF,Virement,REFHXHI7CYR
30230,10033.0,2025-05-27,267500.85,XOF,Chèque,REF0GV4QMP5
30231,10263.0,2023-07-21,76227.02,EUR,Carte,REF93TLO1I7
30232,10659.0,26/07/2025,179801.95,XOF,Carte,REFK42VJGKV
30233,10118.0,31/07/2025,122081.37,EUR,Carte,REFW7XHF4WI
30234,10460.0,25/11/2023,143643.1,XOF,Espèces,REFDZBGQOX5
30235,10858.0,26/02/2024,308660.6,XOF,MTN MoMo,REF3MLOF683
30236,10350.0,27/12/2024,59821.78,XOF,Chèque,REFXUA4DQXI
30237,10395.0,2024-01-28,165224.38,EUR,Orange Money,REFYZBB27S9
30238,10053.0,28/03/2024,178061.59,XOF,Espèces,REFEJ1DG6FW
30239,10500.0,2023-12-13,215147.18,EUR,Chèque,REFJ3T8MEHH
30240,10402.0,2024-01-04,155878.99,XOF,Carte,REFLP1LEXDN
30241,10485.0,15/07/2024,168483.03,XOF,Carte,REFVG35XDKU
30242,10623.0,04/10/2023,126501.09,XOF,Espèces,REFHSNZ6UUK
30243,10173.0,27/02/2024,166147.62,XOF,Carte,REFDKBB6XZP
30244,10516.0,2024-06-09,129408.46,XOF,Chèque,REFYFG2EXQY
30245,10622.0,15/04/2023,187294.31,XOF,Espèces,REFGFEX6DCL
30246,10141.0,11/08/2023,127823.38,XOF,Chèque,REFKT790F00
30247,10258.0,09/02/2024,172626.02,XOF,Chèque,REF9F9L785F
30248,10550.0,2024-03-10,148244.23,EUR,Carte,REFB1W0XWXV
30249,10549.0,2024-05-20,217563.02,XOF,Chèque,REFBT55REBX
30250,10183.0,23/03/2025,146916.38,XOF,MTN MoMo,REFZ5NCY31Z
30251,10505.0,28/07/2025,43618.05,XOF,Chèque,REFJPKC0XTY
30252,10608.0,02/07/2023,225715.29,XOF,Chèque,REFZHX2G7U6
30253,10664.0,2023-07-16,95656.06,EUR,MTN MoMo,REFSR97JXI6
30254,10468.0,2025-03-02,110774.02,XOF,Carte,REFCCPUGCGI
30255,,2024-04-23,114260.32,XOF,Espèces,REFRN0T1KKU
30256,10627.0,2025-03-22,232466.29,EUR,Virement,REFSZO1I736
30257,10368.0,2023-03-16,21859.55,XOF,Espèces,REF0FNLD33Z
30258,10761.0,2023-12-02,338264.91,XOF,Espèces,REFXM7Z7AOL
30259,10110.0,2024-11-19,213363.41,XOF,Chèque,REF7MBCI56F
30260,10268.0,2023-05-18,163394.33,XOF,MTN MoMo,REF9H8YH3ES
30261,10452.0,06/03/2023,146706.36,XOF,Orange Money,REF8LPY058E
30262,10166.0,2024-03-27,167133.24,XOF,Orange Money,REFCL4H9DAT
30263,10413.0,2023-06-15,181267.35,XOF,Carte,REFYAI7D2IP
30264,10561.0,17/01/2024,188712.94,XOF,MTN MoMo,REFCFCJTQEJ
30265,10433.0,2023-03-06,183336.27,XOF,Orange Money,REFGCUU54HE
30266,10022.0,2023-10-14,155374.84,XOF,Espèces,REF0LEBN52K
30267,10405.0,02/01/2023,138159.69,XOF,MTN MoMo,REFIN8QKBR9
30268,10151.0,2024-12-02,140923.6,EUR,MTN MoMo,REF19QXR2CS
30269,10783.0,2024-09-06,138305.5,EUR,Orange Money,REFRRPNCSQC
30270,10809.0,07/08/2023,218026.21,EUR,Carte,REFX2BSIJEJ
30271,10350.0,27/01/2025,185613.4,EUR,Orange Money,REF3IETYR9X
30272,10798.0,16/11/2023,-26423.32,XOF,Carte,REF52SW6D9W
30273,10245.0,2024-11-08,189354.05,XOF,Virement,REFV1VQYLBO
30274,,18/11/2023,161684.17,EUR,Chèque,REF8CMQXGYM
30275,10699.0,2024-10-26,148877.47,XOF,Espèces,REFK1B17ZYQ
30276,10716.0,30/05/2024,126688.89,XOF,Orange Money,REF921BB2YA
30277,10284.0,23/01/2023,217446.76,XOF,Orange Money,REF2KDPYTA7
30278,10098.0,2025-08-23,206851.59,EUR,MTN MoMo,REFRSJJ8EK3
30279,10510.0,2023-03-02,103627.34,XOF,Orange Money,REFEAEQ2IFQ
30280,10049.0,10/12/2024,174423.14,EUR,Espèces,REFILNPT95X
30281,10263.0,07/09/2024,91700.6,XOF,MTN MoMo,REFJ8SDQW5S
30282,10605.0,10/08/2024,67222.91,XOF,Chèque,REFQKSD7GDP
30283,10296.0,2023-09-08,112396.97,EUR,Carte,REF3D2FNC3C
30284,10252.0,05/10/2023,201743.61,XOF,Chèque,REF53QB38YH
30285,10142.0,19/11/2023,207187.5,XOF,MTN MoMo,REFCMDCV7AE
30286,10389.0,12/01/2023,180785.13,XOF,Virement,REF2MECYJXP
30287,10449.0,2024-10-31,193505.75,XOF,Virement,REFUYLPEO8L
30288,10783.0,28/09/2024,180970.7,EUR,Orange Money,REF2DJ3LP15
30289,10549.0,2023-06-07,111511.1,XOF,Virement,REFTJW3X8GG
30290,10200.0,2023-12-22,175915.35,XOF,Orange Money,REFY80W5GSM
30291,10826.0,22/05/2024,198024.57,EUR,Chèque,REF3M236MKZ
30292,10505.0,2024-05-15,195257.48,EUR,Espèces,REFJVBP3BAU
30293,10895.0,2024-06-07,221334.8,XOF,Chèque,REF8YNNHQI5
30294,10576.0,2023-12-27,192498.23,XOF,Espèces,REFUFA4AFM3
30295,10363.0,2025-01-18,171086.89,XOF,Chèque,REFU943FWJB
30296,10578.0,27/05/2023,214209.01,EUR,Virement,REFKEOCEC30
30297,10710.0,2025-03-06,148408.72,XOF,Virement,REF7QUF7P2R
30298,10271.0,2024-08-06,97087.52,XOF,Espèces,REFZMQSEQGD
30299,10727.0,14/06/2025,140215.98,EUR,MTN MoMo,REF0TEFY6FV
30300,10214.0,08/02/2024,105305.84,EUR,Virement,REFO3Z1JB0O
30301,10680.0,11/01/2024,109489.3,XOF,Virement,REF88M7Z2TV
30302,10039.0,2024-05-03,141328.88,XOF,Espèces,REFG8SZE26R
30303,10814.0,2023-10-07,102454.8,XOF,Orange Money,REF6IW5G2ZS
30304,10222.0,14/09/2024,131522.31,XOF,MTN MoMo,REFEANR1CGW
30305,10258.0,2024-12-14,36383.12,XOF,Orange Money,REFHRNMI8MA
30306,10582.0,26/07/2024,162797.62,XOF,Orange Money,REFBW4Q46DE
30307,10488.0,2023-07-17,150072.33,XOF,Espèces,REFB9FYY9V3
30308,10714.0,28/01/2023,100974.68,XOF,Chèque,REFVQGUWDF1
30309,10535.0,21/08/2024,189554.74,XOF,Espèces,REFU1EH3366
30310,10529.0,2025-01-08,206254.21,EUR,Espèces,REF2BGA7SCP
30311,10004.0,26/06/2025,53546.41,XOF,Carte,REF80EHAPWP
30312,10666.0,2023-12-24,104236.51,XOF,Chèque,REFVUDMK3P6
30313,10401.0,2024-02-27,103851.46,XOF,MTN MoMo,REFS8D6KYB2
30314,10232.0,28/10/2024,93605.81,XOF,MTN MoMo,REF6FRNX7VH
30315,10588.0,2025-07-14,199768.49,EUR,Chèque,REFJBUYYZU0
30316,10886.0,2025-08-16,138370.43,XOF,Espèces,REFW8DO3PX9
30317,10297.0,2025-08-30,134129.11,XOF,Chèque,REFHRCFU5D0
30318,10365.0,2024-11-23,29768.26,XOF,Orange Money,REF9PAPKRVO
30319,10070.0,01/04/2025,188125.08,EUR,Chèque,REF66FB818Y
30320,10743.0,2023-06-12,75644.5,XOF,Virement,REFFORGC4AT
30321,10350.0,13/04/2024,153595.96,XOF,Orange Money,REFIZG1NAT0
30322,10001.0,15/06/2025,166642.62,EUR,Chèque,REFXB8B6J39
30323,10842.0,2024-10-14,231639.52,EUR,MTN MoMo,REF0TWY9PZP
30324,10029.0,24/01/2025,71470.78,EUR,Carte,REFJN32IQ92
30325,10751.0,2024-08-28,-31170.73,XOF,MTN MoMo,REFHUC036I6
30326,10470.0,2024-03-23,161030.97,EUR,Carte,REF230JNSPS
30327,10298.0,2025-02-17,258030.67,XOF,Chèque,REFRNICD0SQ
30328,10429.0,01/08/2023,224336.78,XOF,MTN MoMo,REFEZUV263F
30329,10322.0,30/07/2024,162579.56,XOF,Carte,REF5EZKJS7M
30330,10465.0,2025-08-03,120501.83,XOF,Carte,REF0QZOKPVI
30331,10087.0,2025-07-02,198427.36,XOF,MTN MoMo,REFPO7381ON
30332,10486.0,2025-01-06,91587.23,EUR,Chèque,REFBMAY74FP
30333,10338.0,2025-06-20,178581.47,XOF,Virement,REFKWSTVS9Q
30334,,28/01/2025,180328.21,XOF,Virement,REFYOVVT2IS
30335,10804.0,2024-12-03,213612.59,XOF,Carte,REFK4PVI2DI
30336,10199.0,02/04/2023,315579.6,XOF,Virement,REF36DE5JAM
30337,10514.0,2024-06-28,173544.96,XOF,Orange Money,REFZMUDCGV7
30338,10355.0,10/04/2024,119462.18,EUR,Orange Money,REF85HSZDIM
30339,10407.0,10/03/2024,148465.54,XOF,Chèque,REF3T3M5TXC
30340,10670.0,2024-06-30,43855.45,XOF,Espèces,REFYV0916PJ
30341,10435.0,14/08/2025,108317.21,XOF,MTN MoMo,REFO57KP44R
30342,10605.0,13/04/2024,125443.05,XOF,Chèque,REF3AX743VC
30343,10806.0,27/09/2024,118554.7,XOF,MTN MoMo,REFG8QDE12W
30344,10586.0,2023-02-12,159141.29,XOF,Espèces,REF330PGBOP
30345,10223.0,2024-10-09,100654.8,XOF,Orange Money,REFSK0NLYDJ
30346,10241.0,2023-02-24,217261.84,XOF,Espèces,REFY6C5TG8B
30347,10287.0,13/01/2024,-150012.42,XOF,MTN MoMo,REFS4X5VQFJ
30348,10310.0,08/08/2025,149441.98,EUR,Carte,REFRYGYZI71
30349,10501.0,2024-05-01,130326.32,XOF,Virement,REFJOPPRILU
30350,10110.0,2023-10-23,159311.44,EUR,Carte,REFPMYU2U5V
30351,10184.0,2024-04-18,199505.9,XOF,Virement,REF7D53IIBF
30352,10634.0,2025-05-25,97972.19,XOF,Orange Money,REF63RH5U3V
30353,10619.0,04/06/2025,-110513.01,XOF,Chèque,REF9MIZNQ78
30354,10822.0,05/07/2023,131776.44,XOF,MTN MoMo,REFB7OXYVBZ
30355,10855.0,2023-09-15,69247.74,XOF,Espèces,REFKHF23PDF
30356,,17/02/2025,100844.53,EUR,MTN MoMo,REFWF6PZIFS
30357,10868.0,2024-10-04,121426.75,EUR,Chèque,REFDVHTNBBB
30358,10062.0,2024-11-12,202463.35,EUR,MTN MoMo,REFXRQLOTEF
30359,10674.0,2023-11-13,165753.68,XOF,MTN MoMo,REF2WHZ3M21
30360,10424.0,26/05/2025,161615.39,XOF,Espèces,REFKOHELH91
30361,10838.0,2024-06-11,201053.88,EUR,MTN MoMo,REFUNZU6O2A
30362,10805.0,2025-08-08,141757.69,XOF,Virement,REFFUOJJFAF
30363,10061.0,2023-05-11,173427.89,EUR,MTN MoMo,REF7W4HXIOB
30364,10072.0,19/10/2023,143806.69,XOF,Chèque,REFWQTHRGUE
30365,10635.0,2025-03-08,165921.74,XOF,MTN MoMo,REFVFWBZY7L
30366,10404.0,2025-07-08,115034.48,XOF,Espèces,REFHBTTH9KR
30367,10469.0,2024-12-04,3670.97,XOF,Carte,REFLO9NLUPY
30368,10005.0,2024-11-27,141943.25,XOF,MTN MoMo,REF506ALUMW
30369,10170.0,07/08/2024,235364.89,XOF,Virement,REF32L0FI8Z
30370,10486.0,27/02/2024,205572.92,EUR,MTN MoMo,REF80JG2YJJ
30371,10899.0,16/03/2024,207923.85,XOF,Carte,REFV0DBNSG3
30372,10396.0,2025-02-14,224167.84,XOF,Orange Money,REFJJ6JAI71
30373,10693.0,2025-07-19,155319.46,XOF,Carte,REFPDYJ49IX
30374,10890.0,2023-04-14,161838.94,XOF,Orange Money,REFJPCE37RR
30375,10804.0,11/09/2023,112940.89,XOF,Orange Money,REF15F2CHSN
30376,10032.0,2023-01-07,131035.63,XOF,Virement,REFH7I3WYYK
30377,10005.0,30/08/2024,186946.27,XOF,Carte,REFIT6RBEWV
30378,10869.0,2025-08-29,222233.07,XOF,MTN MoMo,REFOUYAADU9
30379,10767.0,23/03/2023,141633.22,XOF,Chèque,REF74TJH56R
30380,10382.0,2025-07-24,122988.64,EUR,Espèces,REFWE9CZTAR
30381,10546.0,10/07/2023,150031.68,XOF,Espèces,REF4T0KZXGH
30382,10116.0,25/01/2024,186072.4,XOF,Carte,REFJCIY1GQF
30383,10152.0,02/11/2024,63368.71,XOF,Virement,REFPU0F80GN
30384,10696.0,28/01/2023,12229.14,XOF,Carte,REF29Q3T08A
30385,10328.0,2023-04-09,116967.79,XOF,Orange Money,REFPIAGWKR3
30386,10347.0,02/08/2023,76757.25,XOF,Carte,REF2CS2CMQ2
30387,10003.0,2024-06-24,119511.59,EUR,Espèces,REF7QIRJQR0
30388,10573.0,2024-11-01,141133.18,XOF,Carte,REFX3MSLZAR
30389,10168.0,2024-03-28,122805.1,XOF,MTN MoMo,REF7EGA4TIA
30390,10111.0,2023-04-03,237148.05,XOF,Carte,REFPHNB5VNG
30391,10043.0,2024-02-15,169604.69,EUR,Carte,REF2ZQYJM3P
30392,10447.0,23/07/2025,168028.46,XOF,Chèque,REF62JC0VLK
30393,10702.0,24/03/2023,187332.43,XOF,Orange Money,REF6D143MO2
30394,10412.0,2024-04-20,81670.01,XOF,Carte,REFJOBRU2QL
30395,10077.0,12/08/2025,212346.71,XOF,Chèque,REF5XTJ98KS
30396,10167.0,26/03/2024,145454.14,XOF,Virement,REFC7WXGJUR
30397,10242.0,2024-01-05,190228.84,XOF,Chèque,REFW5GWMRYA
30398,10717.0,2025-07-11,85688.57,EUR,Orange Money,REFHVT1KKEQ
30399,10600.0,2024-07-24,56774.47,XOF,MTN MoMo,REFZVTTXO2F
30400,10255.0,2023-12-08,199073.38,XOF,Virement,REF7WCDPI2E
30401,10708.0,17/06/2025,172584.57,XOF,Espèces,REF59G5HG5U
30402,10187.0,2025-06-27,95876.91,XOF,Espèces,REFJNZ057H5
30403,10151.0,2023-03-28,97820.22,XOF,Chèque,REF9LXG3WTK
30404,10877.0,02/10/2024,217526.09,XOF,Chèque,REFCWE6JRV6
30405,10677.0,2024-02-01,78635.29,XOF,Orange Money,REFJ0LXWTR1
30406,10584.0,11/04/2025,248560.38,EUR,Virement,REFLEN7CT4R
30407,10583.0,2023-07-01,95962.76,XOF,Virement,REFJ09ASFOK
30408,10245.0,2025-01-30,188303.52,XOF,MTN MoMo,REFL09W7WAP
30409,10762.0,2024-08-27,130282.89,XOF,MTN MoMo,REF06V5F4C6
30410,10613.0,2024-12-17,186191.25,XOF,Chèque,REF4JDUD6LE
30411,10196.0,25/03/2023,117353.16,XOF,Carte,REF6RU3T28S
30412,10233.0,2024-10-16,140232.43,XOF,Virement,REFJZTFBQON
30413,10620.0,2025-04-13,152455.15,XOF,Chèque,REFBCCD4EOX
30414,10229.0,2025-05-12,89868.75,XOF,Virement,REFZMNS7LV5
30415,10280.0,2024-04-12,194449.46,XOF,MTN MoMo,REF66ZVGIMR
30416,10589.0,25/04/2024,119207.19,EUR,Orange Money,REFPALWBVV0
30417,10549.0,16/04/2023,136284.01,XOF,Espèces,REF9M305T1W
30418,10634.0,2024-10-09,90339.04,XOF,Chèque,REFMY6O6LCG
30419,10059.0,01/04/2023,-3740.02,EUR,Virement,REFLX6S5EJU
30420,10063.0,2024-05-28,138538.33,EUR,Orange Money,REFNM2XQQ0V
30421,10039.0,2025-04-22,294756.93,XOF,Chèque,REFQI5J32M7
30422,10159.0,2023-12-05,197076.26,EUR,Virement,REFQVXCRLGF
30423,10492.0,2024-08-26,148844.38,XOF,Virement,REF5HWRYV7W
30424,10146.0,2023-03-03,134226.55,XOF,MTN MoMo,REFPCJDUCEF
30425,10578.0,2025-01-27,151347.95,XOF,Espèces,REFZH75NIFK
30426,10073.0,16/11/2023,182827.15,XOF,Chèque,REFCMA2H5CS
30427,10511.0,22/06/2024,79151.23,EUR,Chèque,REF696GHSKZ
30428,10628.0,09/03/2023,216859.3,XOF,Chèque,REF90YC3KDX
30429,10256.0,05/03/2024,192922.88,XOF,Chèque,REFW7DQTBF6
30430,10033.0,2024-08-17,193091.14,EUR,Chèque,REF72Q4M8NM
30431,10306.0,05/12/2023,176308.54,XOF,Carte,REF3ZH1ZDBN
30432,10210.0,10/08/2024,151177.0,XOF,Virement,REFGIX5HY9L
30433,10671.0,2024-06-16,190371.67,XOF,MTN MoMo,REFFJP2PNKD
30434,10648.0,2023-05-07,185508.85,EUR,Espèces,REFF76PK90J
30435,10140.0,09/04/2024,128757.56,XOF,Orange Money,REFUBU37MYF
30436,10759.0,27/03/2025,115583.89,EUR,Espèces,REFQENGJ9U6
30437,10606.0,2024-11-16,156111.38,XOF,MTN MoMo,REF8N0WCZVL
30438,10837.0,2024-02-08,242941.21,XOF,Espèces,REF1F3AJ8G5
30439,10898.0,2025-06-18,75653.58,XOF,Orange Money,REFJ62SQRY1
30440,10128.0,03/07/2025,61948.48,XOF,Chèque,REFPFXMBESB
30441,10817.0,08/12/2024,159885.65,EUR,Carte,REFIZPYDDXA
30442,10500.0,2024-08-24,153053.26,XOF,MTN MoMo,REFMLGMXZZX
30443,10207.0,2025-06-09,160400.5,XOF,Orange Money,REF78YP5SSM
30444,10761.0,2024-04-24,164637.19,EUR,Espèces,REFCPUUKBI7
30445,,2024-02-02,136607.86,XOF,MTN MoMo,REFEO5CHM9G
30446,10268.0,2025-07-17,239391.81,EUR,Carte,REFVCE8XPU4
30447,10320.0,2024-07-25,53945.76,XOF,MTN MoMo,REFSU3W90DP
30448,10230.0,2023-03-01,100290.18,XOF,Chèque,REFN59GMUCJ
30449,10241.0,2023-01-05,143804.71,XOF,Virement,REFDO91D35I
30450,10699.0,2024-10-29,-51408.67,XOF,Orange Money,REF3A2GAGPH
30451,10755.0,2023-12-28,139448.74,XOF,Espèces,REF1S2AKA9B
30452,,01/02/2025,249688.21,XOF,Virement,REF1GQ59H2E
30453,10743.0,23/08/2023,151253.19,XOF,Chèque,REF84TYP3ZU
30454,10518.0,2024-11-13,163842.05,XOF,Virement,REF785ZD7SC
30455,10497.0,2025-03-25,74390.11,EUR,Virement,REFOOZWRSXF
30456,10870.0,01/12/2023,113018.32,XOF,Espèces,REF9RBGXK93
30457,10503.0,05/01/2024,127488.22,XOF,MTN MoMo,REFFJM4QYO3
30458,10597.0,2024-10-08,130937.09,EUR,MTN MoMo,REFSTQCZ1LK
30459,10875.0,2024-09-29,226898.63,XOF,Orange Money,REF2VSS666C
30460,10124.0,2023-10-11,183461.46,XOF,Chèque,REFI0OMOMS9
30461,10138.0,2024-12-21,83312.52,XOF,Chèque,REFZU368UUJ
30462,10798.0,2023-10-31,164790.29,EUR,MTN MoMo,REFR3OOZIT4
30463,10352.0,02/10/2024,179893.3,XOF,MTN MoMo,REFZVZ0SFHZ
30464,10760.0,2025-03-14,218408.94,XOF,Orange Money,REF7UKFQOD1
30465,10688.0,24/08/2023,244832.44,EUR,MTN MoMo,REFEYB4IWH7
30466,10103.0,2025-08-24,89094.35,EUR,Carte,REF4PHFAXI1
30467,10516.0,2023-08-18,101348.55,XOF,Chèque,REFQDWAO4RK
30468,10883.0,16/05/2025,74545.33,XOF,Chèque,REFJ3HIO0A8
30469,10350.0,2023-10-05,135958.81,XOF,Orange Money,REFZBM8PE4L
30470,10097.0,2023-05-20,177981.5,XOF,Virement,REFL916YUSL
30471,10870.0,2023-04-03,209240.07,EUR,Chèque,REF1AA6Y87Q
30472,10532.0,02/06/2024,145442.94,XOF,Espèces,REF0K41IU8T
30473,10283.0,2023-04-18,130809.15,EUR,Orange Money,REFCHD8MEXW
30474,10671.0,22/03/2025,159105.48,XOF,Espèces,REF8UB1V4AK
30475,10678.0,2024-08-14,99891.43,XOF,Virement,REF0I1ITQPQ
30476,10874.0,16/03/2024,-275372.32,XOF,MTN MoMo,REF64623AHW
30477,10482.0,17/07/2024,53540.34,XOF,Chèque,REFTSOF1XW5
30478,10839.0,2024-04-03,161084.43,XOF,Virement,REFS5QMLCLI
30479,10845.0,06/06/2025,271416.37,XOF,Chèque,REFPQ4RV923
30480,10573.0,19/07/2024,150407.99,XOF,Carte,REFT9P2JMW6
30481,10244.0,2024-11-26,138597.66,EUR,Virement,REFRRVXJVXG
30482,10332.0,2023-12-16,128553.27,XOF,Chèque,REFUO8ZD0LQ
30483,10784.0,2023-07-01,139176.5,XOF,MTN MoMo,REF9LZX8UBE
30484,10534.0,2024-01-10,232370.91,EUR,Carte,REFRII5CQKP
30485,10038.0,26/10/2024,17288.29,XOF,MTN MoMo,REFSHCUJLC1
30486,10328.0,2024-06-05,242006.02,XOF,Carte,REFNY41UIW5
30487,10142.0,13/10/2023,64562.57,XOF,Chèque,REF55047WOT
30488,10008.0,23/04/2025,134000.86,EUR,Virement,REFDDSY1ZY6
30489,10387.0,2024-08-16,124245.33,XOF,MTN MoMo,REF89WAYM9Q
30490,10776.0,30/03/2024,185313.2,XOF,MTN MoMo,REF72F08D28
30491,,2023-08-17,54112.54,XOF,MTN MoMo,REFMYJ06MMK
30492,10864.0,06/07/2024,177730.36,XOF,Espèces,REFJA6MIH6S
30493,10442.0,01/05/2024,271458.58,XOF,MTN MoMo,REF9U18MD3S
30494,10731.0,2024-03-23,68209.56,XOF,Carte,REFSGT6LKWK
30495,10396.0,21/02/2023,161382.37,XOF,Orange Money,REFAGNPS2XO
30496,10897.0,11/11/2024,110281.07,XOF,Virement,REFATNDFO6S
30497,10015.0,2023-08-30,175553.23,XOF,MTN MoMo,REFS32YKCD3
30498,10246.0,18/09/2023,151148.87,XOF,MTN MoMo,REF7C8DO1P9
30499,10148.0,2024-06-20,111510.79,XOF,Espèces,REFTLW78F6M
30500,10783.0,2025-05-07,179272.34,XOF,Carte,REFB01002GO
30501,10007.0,2023-10-31,258260.89,XOF,Carte,REFWMSWD3N3
30502,10320.0,2023-10-12,138545.77,XOF,Carte,REFLQ74FCM5
30503,10700.0,08/10/2023,193185.48,XOF,Virement,REFJJ4Q2XAQ
30504,10176.0,23/09/2024,72403.62,XOF,Carte,REFW04PDTII
30505,10204.0,2025-03-05,92613.82,XOF,Carte,REFJ3G75ZK1
30506,10183.0,10/06/2023,-178344.38,XOF,Virement,REF2GS4YE45
30507,10561.0,2023-01-04,239046.96,XOF,Virement,REFMBLC09E0
30508,10615.0,06/03/2023,171336.8,XOF,Orange Money,REF3YGB1RV3
30509,10808.0,2023-09-03,131216.52,XOF,Orange Money,REF179YIXMH
30510,10599.0,2024-08-29,149957.48,XOF,MTN MoMo,REFG9SX3KOI
30511,10132.0,27/08/2024,74975.54,XOF,Orange Money,REF91JY4XMA
30512,10323.0,01/05/2023,186270.92,XOF,Virement,REFCBJJUIDC
30513,,11/05/2024,202939.98,XOF,MTN MoMo,REFMT6Y6TL7
30514,10773.0,2023-08-02,122874.58,EUR,Espèces,REF8PHNCK5Q
30515,10107.0,01/06/2023,-121797.47,EUR,Carte,REFSHXM42YV
30516,10289.0,2023-01-05,165952.69,XOF,Orange Money,REFOEVZRPE7
30517,10429.0,28/07/2024,123796.82,XOF,Orange Money,REFPOSQF4TI
30518,10250.0,14/05/2024,146032.04,XOF,Espèces,REFA81MVEZ4
30519,10043.0,2024-06-18,275983.31,XOF,Espèces,REFK5DJ3RZQ
30520,10337.0,2023-10-06,135178.46,EUR,Virement,REFB18B9QCL
30521,10843.0,2025-03-21,128499.59,XOF,Espèces,REFVD7X1JMH
30522,10412.0,08/07/2024,111147.49,XOF,MTN MoMo,REFKDY8LWKH
30523,10486.0,2025-05-26,194651.52,EUR,Virement,REF2YP7VNSG
30524,10421.0,2023-09-11,139126.55,XOF,Carte,REFPUZQ67N3
30525,10711.0,13/06/2023,111037.62,XOF,Carte,REFFRUXTNXJ
30526,10690.0,2024-08-19,229278.24,XOF,Chèque,REFZM925GZC
30527,10814.0,2023-10-12,235176.18,XOF,Chèque,REFU8A3PWJT
30528,,08/04/2023,113974.59,XOF,Espèces,REFBQOF19BP
30529,10795.0,2023-02-11,38007.6,XOF,Orange Money,REFGUXL2F70
30530,10265.0,25/08/2024,210450.82,XOF,Orange Money,REFE47RHOW5
30531,10283.0,2024-04-01,108922.21,XOF,Espèces,REF8RCCZGVZ
30532,10364.0,2024-10-25,197437.54,EUR,Carte,REFELZAWR7Z
30533,10264.0,04/03/2023,31793.77,XOF,Virement,REFKHDY4QF1
30534,10001.0,2024-03-24,203555.84,XOF,Virement,REFPH8A51GZ
30535,10162.0,06/08/2024,77329.68,XOF,Carte,REFRZQE54PF
30536,10357.0,16/11/2023,193845.85,XOF,Carte,REFLLP5EP3N
30537,10479.0,01/07/2025,150856.38,EUR,MTN MoMo,REFWO6L2MXG
30538,10067.0,2023-09-01,92763.63,XOF,MTN MoMo,REFDE2Y3ZNP
30539,10331.0,21/10/2023,125577.82,XOF,Espèces,REFF8E59JMZ
30540,10513.0,02/02/2025,191179.11,XOF,Carte,REFTC9S8QGI
30541,10795.0,2025-04-05,156353.67,XOF,Orange Money,REFM3EDEP9M
30542,10375.0,2024-05-24,-185064.78,XOF,Virement,REFUT6JD1MY
30543,10597.0,2025-05-07,268586.44,XOF,MTN MoMo,REF7LOFOLAN
30544,10192.0,2023-12-09,56145.5,EUR,Carte,REFZN5H5JMC
30545,10177.0,2024-04-10,247032.75,XOF,Espèces,REFTAC9PFHJ
30546,10782.0,2023-04-02,156261.36,XOF,MTN MoMo,REF72PMFF42
30547,10900.0,03/03/2025,96072.96,XOF,MTN MoMo,REFDTDUPWTB
30548,10861.0,2024-07-22,70181.18,XOF,MTN MoMo,REFT1500EEO
30549,10113.0,14/05/2024,138652.78,XOF,Orange Money,REFLTV5LX9B
30550,10124.0,02/10/2023,-205299.01,XOF,Virement,REF9T0Z6M9Z
30551,10350.0,18/10/2024,142347.05,XOF,MTN MoMo,REF829DZUP6
30552,10652.0,2023-03-18,240669.3,EUR,Espèces,REF1FEZ0MSG
30553,10796.0,2023-06-12,62929.46,XOF,Espèces,REFV4N5FIC4
30554,10763.0,19/03/2024,149274.66,EUR,MTN MoMo,REFOR4SDA9W
30555,10870.0,2023-02-28,74856.39,XOF,Orange Money,REFXOMTF075
30556,10195.0,24/03/2025,171817.91,EUR,Virement,REF9969TRJ7
30557,10424.0,2023-04-12,203213.24,XOF,MTN MoMo,REFRLOSALSU
30558,10320.0,2025-06-24,124754.29,XOF,Orange Money,REF4YRTU7EG
30559,10444.0,18/09/2024,-6252.83,XOF,Chèque,REFXV38PFIT
30560,10085.0,2025-04-05,161936.89,XOF,Espèces,REFTWV1MM94
30561,10841.0,05/02/2025,176204.31,XOF,Carte,REFDQC9PUN6
30562,10137.0,2025-02-05,174257.69,XOF,Orange Money,REF1YJ94KIC
30563,10761.0,11/08/2023,224146.93,EUR,Virement,REF4084W5PR
30564,10763.0,21/09/2023,85736.78,XOF,MTN MoMo,REFC5KTSIQU
30565,10404.0,2023-01-19,190812.97,EUR,MTN MoMo,REF21XG77FL
30566,10606.0,20/08/2023,221550.45,XOF,Virement,REF5RQGQNYB
30567,10110.0,05/11/2024,43284.74,XOF,Orange Money,REFD7SPBZGI
30568,10847.0,2024-02-10,169179.11,XOF,Orange Money,REF3A0YQ6W5
30569,10791.0,2024-07-27,119749.21,EUR,MTN MoMo,REF1CNZ0IVS
30570,10248.0,2023-05-14,145108.64,XOF,Carte,REFO4ZZR8O9
30571,10661.0,2024-04-08,170860.59,XOF,Carte,REFZ0CIUWKW
30572,10805.0,2024-08-22,120766.29,EUR,Carte,REFG8LWDKHR
30573,10433.0,2023-05-21,109457.52,XOF,Virement,REFK875YUZT
30574,10647.0,07/06/2023,152049.15,XOF,Virement,REF2DJSOOCG
30575,10088.0,2023-11-26,84765.24,XOF,Orange Money,REFUODZY2XA
30576,10731.0,2023-09-29,84850.49,XOF,Espèces,REFJXRYX5ZV
30577,10404.0,2024-03-09,190762.4,XOF,MTN MoMo,REF48MQVFLG
30578,10223.0,04/06/2025,81072.36,XOF,Virement,REFIPNQRPJZ
30579,10841.0,2023-05-14,189978.75,XOF,Espèces,REFBXAZVVJQ
30580,10489.0,18/03/2023,177755.48,EUR,MTN MoMo,REFDXUB49OZ
30581,10423.0,10/09/2024,46451.6,XOF,MTN MoMo,REFQ1G1NPXI
30582,10753.0,2023-02-21,109346.12,XOF,Espèces,REFZ5LQ0NH0
30583,10486.0,2024-07-27,221646.56,XOF,MTN MoMo,REFSIV34J00
30584,10074.0,07/07/2023,91130.07,EUR,Carte,REFYI1O46MZ
30585,10262.0,17/08/2023,122135.74,XOF,Carte,REFO9HAXHF7
30586,10812.0,25/02/2023,177723.65,EUR,Carte,REFS5834BK6
30587,10111.0,03/04/2023,197003.43,EUR,MTN MoMo,REF09WVNF75
30588,10784.0,2025-04-01,134907.67,EUR,Orange Money,REFQZMKVZBD
30589,10187.0,11/12/2024,114149.39,XOF,Orange Money,REFKT97AXUH
30590,10713.0,25/04/2025,235342.19,EUR,Virement,REF3PFI14KM
30591,10494.0,27/03/2023,254333.98,XOF,MTN MoMo,REFGWN0MODP
30592,10374.0,2023-12-11,208731.48,XOF,Virement,REF5YLRA9PA
30593,10683.0,04/06/2023,155119.09,XOF,Orange Money,REF2MF4SRN6
30594,10360.0,2025-04-02,101504.06,XOF,MTN MoMo,REFOX4ROYLQ
30595,10155.0,07/07/2025,100173.34,XOF,Carte,REF0BT7ROL7
30596,10360.0,07/02/2025,-181350.85,XOF,MTN MoMo,REFLAA6UYPV
30597,10824.0,24/09/2023,175103.89,EUR,Chèque,REFT1TPGNWN
30598,10339.0,2023-09-06,234095.92,EUR,Virement,REFJU9HR6F2
30599,10710.0,16/03/2024,189027.01,XOF,Virement,REFAHKTWI9B
30600,10169.0,29/04/2023,59815.18,XOF,Carte,REFR1AR6UFC
30601,10364.0,2025-08-30,213116.86,EUR,Chèque,REFAT0LEUPK
30602,10738.0,2023-08-26,90116.36,XOF,Espèces,REFS3SVY65Q
30603,10251.0,2023-04-26,126961.72,XOF,Orange Money,REF807CP4LM
30604,10257.0,03/05/2024,165012.01,XOF,Espèces,REFFSSPN327
30605,10084.0,2025-08-08,269740.05,XOF,Orange Money,REFNVY4H03B
30606,10798.0,2023-01-30,336595.11,XOF,Espèces,REFMEILNB0C
30607,10230.0,11/10/2023,186403.38,EUR,Virement,REFDEVI5B9O
30608,10243.0,2023-07-27,139008.2,EUR,Virement,REFL6VTU9FG
30609,10721.0,2023-05-03,182070.34,XOF,Carte,REFWS4FZRG4
30610,10436.0,11/09/2023,-203259.33,EUR,Chèque,REF4OUX9SLM
30611,10012.0,2025-03-20,130759.94,XOF,Carte,REF9XPFO860
30612,,2025-01-28,-257712.68,XOF,Carte,REFZYFMQFKI
30613,10341.0,2024-09-28,163804.25,EUR,Carte,REFEQLV488P
30614,10285.0,2025-03-31,179864.59,XOF,Orange Money,REF9YKRZ1Y3
30615,10374.0,2023-07-20,189955.46,XOF,Espèces,REFPHWN109M
30616,10817.0,2023-07-14,175295.2,XOF,Chèque,REFCEDNIQB7
30617,10496.0,04/06/2025,200336.43,XOF,Espèces,REFK8ULIDI5
30618,10437.0,2024-12-06,112964.81,XOF,Carte,REFBUYS9P7S
30619,10127.0,2024-03-09,116501.89,XOF,Virement,REFYBOR9MM2
30620,10753.0,24/07/2025,83990.75,XOF,Espèces,REF71YP6E9K
30621,10184.0,03/12/2023,176370.07,XOF,MTN MoMo,REFW63TFMS1
30622,10804.0,28/04/2024,196736.19,XOF,Carte,REF7AKN207K
30623,10251.0,30/04/2023,177466.37,EUR,Carte,REF13DWW8DX
30624,10018.0,22/12/2024,250469.55,XOF,MTN MoMo,REFB3MK8TEW
30625,10024.0,20/02/2024,149664.24,EUR,Orange Money,REFL2WLX04X
30626,10519.0,2025-08-26,-190124.5,XOF,MTN MoMo,REFUOR5KLS0
30627,10497.0,09/02/2023,84497.95,XOF,Virement,REF5YJX5W3O
30628,10720.0,11/09/2023,126774.02,XOF,Carte,REFMV8TJ96T
30629,10779.0,10/07/2024,191732.27,XOF,Chèque,REFDAUDPUSQ
30630,10076.0,24/05/2024,200946.13,EUR,Orange Money,REF886D6IWK
30631,10618.0,22/04/2023,132361.98,XOF,Orange Money,REFNL7NFPE5
30632,10225.0,2024-03-07,145704.04,EUR,Chèque,REFG527V72W
30633,10317.0,2024-05-15,58927.58,XOF,Carte,REFQIH11DP6
30634,10177.0,2024-01-27,128578.25,EUR,Carte,REFDPBJ1NPK
30635,10354.0,2024-11-29,203422.99,XOF,MTN MoMo,REF0NDYU547
30636,10838.0,2024-04-19,184512.3,EUR,Espèces,REFEV33PV70
30637,10320.0,09/07/2025,180039.94,EUR,Chèque,REFKYLJ1J2P
30638,10127.0,2023-07-14,152986.42,XOF,Espèces,REFNUF8Z3HJ
30639,10126.0,02/06/2025,150423.79,XOF,Espèces,REFJE8NFRAO
30640,10555.0,30/05/2024,110380.73,XOF,Orange Money,REFPQFGLYGW
30641,10501.0,26/06/2024,191929.71,EUR,MTN MoMo,REFQQI5EQZP
30642,10445.0,22/06/2025,175258.38,XOF,Orange Money,REF1TQZ1VFU
30643,10275.0,2024-09-13,179521.13,XOF,Carte,REFWR931OSZ
30644,10619.0,2025-06-16,-118437.91,EUR,MTN MoMo,REF6XHGGO6Z
30645,10212.0,2025-06-14,20799.42,XOF,Chèque,REFK6TTGDL9
30646,10061.0,2025-01-15,215829.16,XOF,Carte,REFTAIECEVS
30647,10857.0,2024-12-10,121269.75,XOF,Orange Money,REFCM1YIR6M
30648,10252.0,24/09/2023,98233.45,XOF,Espèces,REFY1APGZMK
30649,10039.0,25/05/2023,191608.73,XOF,MTN MoMo,REF5RXE78D2
30650,10714.0,30/05/2023,126479.24,XOF,Chèque,REFM8ECKC54
30651,10596.0,23/05/2024,213596.18,XOF,Carte,REFUWXG8TPN
30652,10547.0,08/08/2023,187020.36,XOF,Carte,REFKPI9BYQ7
30653,10773.0,22/07/2023,191014.16,XOF,Virement,REF6M2XG2RW
30654,10668.0,2025-08-16,68042.66,EUR,Espèces,REFWZ4WCGIE
30655,10339.0,19/08/2025,222716.64,XOF,Orange Money,REFEQY8LBKY
30656,10693.0,2023-09-12,165675.03,XOF,Espèces,REFIDT2MJTC
30657,10834.0,2024-10-06,127843.37,EUR,Orange Money,REFHOVSRM9X
30658,10664.0,2023-01-18,158603.31,XOF,Espèces,REFB5RQBU0E
30659,10809.0,2023-05-29,43425.89,XOF,Carte,REFKHD1YUJE
30660,10086.0,16/11/2023,174519.17,XOF,Carte,REFLA7FG8BU
30661,10080.0,2024-02-02,88237.71,XOF,Virement,REFINK68GAR
30662,10708.0,2024-04-04,68839.78,XOF,Orange Money,REFB1VWNTVZ
30663,10006.0,2025-05-11,58658.45,XOF,Espèces,REFWFPIVD2I
30664,10187.0,28/09/2023,216761.3,XOF,MTN MoMo,REF392N9BO0
30665,10023.0,2023-06-22,112244.2,EUR,Virement,REFPKXUNDMF
30666,10731.0,2024-05-22,242023.66,XOF,Orange Money,REFF9LQ6W67
30667,10610.0,06/04/2025,117851.91,XOF,Chèque,REFRD5ECFJF
30668,10719.0,2025-04-05,47558.52,EUR,Espèces,REFH67P7Q4Z
30669,10095.0,2024-08-10,83008.53,XOF,Carte,REFL7XTR3GA
30670,10126.0,2024-10-27,224148.7,XOF,Carte,REFQNH5EYQT
30671,10878.0,03/04/2023,140646.11,EUR,Orange Money,REFF78QN8PA
30672,10066.0,2024-08-06,117102.76,XOF,MTN MoMo,REF420Z5T84
30673,10077.0,06/05/2023,159601.09,XOF,Espèces,REF8Z44J9LK
30674,10406.0,23/08/2025,180106.96,XOF,Espèces,REFI4X65ECC
30675,10524.0,2023-09-25,217043.93,XOF,Virement,REFWMFKYOF4
30676,10508.0,21/10/2023,236909.95,XOF,Espèces,REF81J2ABL3
30677,10106.0,09/04/2023,128413.88,XOF,Virement,REFXKP5IDY8
30678,10557.0,2024-09-04,70437.14,XOF,Carte,REFQNE2S9JZ
30679,10331.0,2024-10-11,125192.09,XOF,Espèces,REF4IJI934Q
30680,10443.0,2025-02-16,165616.83,XOF,Carte,REFF84C3Z2L
30681,10261.0,05/01/2023,92174.46,XOF,Virement,REFSWUZJAWG
30682,10022.0,02/12/2023,92570.95,XOF,MTN MoMo,REFRUSTQFOB
30683,10211.0,28/01/2025,170627.27,XOF,Orange Money,REFC7DV5BY0
30684,10652.0,2025-04-29,147080.86,XOF,Chèque,REFST0XO2DE
30685,10684.0,21/04/2025,151967.82,XOF,Orange Money,REF25H8GORM
30686,10845.0,2024-12-07,104490.28,EUR,Virement,REFEGQE8DKG
30687,10669.0,2024-12-26,136175.96,XOF,Virement,REFZ5G2YLFV
30688,10190.0,2023-02-05,94546.01,XOF,Virement,REFNSCZKM9X
30689,10581.0,20/05/2023,203411.9,XOF,Espèces,REFM4YRV8VO
30690,10688.0,2025-03-13,212114.96,EUR,Virement,REFFSWPY6EF
30691,10246.0,25/11/2023,39228.73,XOF,MTN MoMo,REFXBBLN1B5
30692,10415.0,2024-08-13,94229.35,XOF,Orange Money,REFGF0G46U2
30693,10537.0,2025-02-09,60208.24,XOF,MTN MoMo,REF71ZKV4IA
30694,10540.0,28/12/2023,110998.56,EUR,Chèque,REFWE8E30GN
30695,10056.0,12/06/2024,-144993.72,XOF,Orange Money,REFDI74KZT2
30696,10824.0,2023-09-10,63021.29,EUR,Virement,REF52TD2QYU
30697,10406.0,23/06/2023,94688.41,EUR,Espèces,REF45ALIMXS
30698,10134.0,24/05/2025,89762.56,XOF,Espèces,REF2ATGXI9C
30699,10140.0,16/01/2025,162436.04,XOF,Espèces,REFS0HCN1D5
30700,10827.0,27/08/2025,154160.66,EUR,MTN MoMo,REFOYRXXO1I
30701,10103.0,09/08/2024,106695.75,XOF,Carte,REF9VMHVR04
30702,10262.0,02/12/2024,160609.25,EUR,Chèque,REFA8RWHO3U
30703,10257.0,2023-02-22,117199.19,XOF,Espèces,REFBFDGJ9KK
30704,10573.0,2023-10-04,133700.69,XOF,Virement,REF184UVM6N
30705,10452.0,2024-10-01,250407.13,XOF,Virement,REF60BMTXV4
30706,,13/12/2024,230427.66,EUR,Espèces,REFT27JLLZ9
30707,10762.0,2024-12-14,72025.13,XOF,Carte,REFKG8J7W69
30708,10379.0,2025-08-03,199783.95,XOF,Espèces,REFUGEORL0Y
30709,10037.0,2025-08-04,198683.79,XOF,Carte,REFKB0TNRU4
30710,10803.0,2025-03-15,81104.2,XOF,Chèque,REF9A6BKO4J
30711,10474.0,2024-01-30,199126.66,XOF,Virement,REFGOK6UFKP
30712,10324.0,30/03/2024,242275.92,EUR,Carte,REFV0DSG62N
30713,10182.0,28/11/2024,82647.31,XOF,Carte,REFUVLD7P44
30714,10795.0,2024-05-24,94949.83,EUR,MTN MoMo,REF8R1ZNG13
30715,10641.0,10/02/2023,211059.69,XOF,Virement,REFEQQFLNOJ
30716,10300.0,12/10/2023,166289.72,XOF,Chèque,REFYDXIS154
30717,10815.0,2023-09-05,183088.58,EUR,MTN MoMo,REF7VZ2QZ9D
30718,10880.0,2023-09-30,170435.35,XOF,Espèces,REF6ULM1T6I
30719,10815.0,2024-08-16,173441.76,XOF,MTN MoMo,REFXRIOW2PJ
30720,10586.0,2024-04-26,70411.67,XOF,Chèque,REFJFEDTEET
30721,10458.0,2023-11-10,212839.06,XOF,Chèque,REFYCEGNNJM
30722,10674.0,2024-10-26,220175.4,XOF,Carte,REFTM1QUANX
30723,10752.0,2025-03-16,136236.56,EUR,MTN MoMo,REFBKJQ879J
30724,10364.0,04/04/2025,147391.38,XOF,Chèque,REF890ZM8JK
30725,10656.0,2025-04-30,58133.55,EUR,MTN MoMo,REF3EOWR8J0
30726,10276.0,2024-01-01,180855.29,EUR,Espèces,REF77YH3Y8A
30727,10342.0,28/01/2023,184323.45,EUR,Espèces,REFF7QTZ1RU
30728,10689.0,2024-06-03,146268.54,XOF,Chèque,REF0XPOI73T
30729,10807.0,2024-10-13,217461.2,XOF,Chèque,REFTX182KYB
30730,10494.0,09/09/2024,129955.37,EUR,Carte,REFR2YJKD9U
30731,10067.0,2024-08-23,183876.36,XOF,Virement,REFA4QGVMDV
30732,10358.0,13/03/2024,88820.14,XOF,Orange Money,REFBYACH4L0
30733,10019.0,25/05/2023,148586.87,EUR,Chèque,REFUZ1KKTDN
30734,10592.0,16/10/2024,139538.74,XOF,Orange Money,REFUK6BCDFQ
30735,10614.0,2025-07-16,163518.48,XOF,Chèque,REF9XAGI30C
30736,10377.0,2024-09-09,127828.38,XOF,Chèque,REFH8KGYZM5
30737,10764.0,2025-06-25,142111.64,EUR,Virement,REFIZIWWL0A
30738,10749.0,03/07/2023,199562.83,EUR,Chèque,REFU3OM8LHP
30739,10633.0,12/09/2024,123794.15,EUR,MTN MoMo,REFF8Z1R505
30740,10540.0,06/08/2024,53605.37,EUR,Orange Money,REFPSRRT7DK
30741,10454.0,2024-01-24,254975.03,XOF,Virement,REFG0DLHXBA
30742,10021.0,28/09/2023,232887.24,XOF,Carte,REFE1K2IC7P
30743,10449.0,25/06/2024,72464.24,XOF,Espèces,REFLCHHCC5Z
30744,10524.0,06/11/2023,191382.47,XOF,Chèque,REFRY0Z9YJG
30745,10462.0,04/01/2024,119821.51,XOF,Carte,REFGD794QQI
30746,10610.0,07/05/2024,165809.23,XOF,MTN MoMo,REFX7UOC2T4
30747,10886.0,13/06/2023,167653.45,XOF,MTN MoMo,REFOHNJYPOG
30748,10666.0,17/11/2023,135935.53,XOF,Espèces,REF3D3ZB28M
30749,10085.0,04/07/2025,102974.06,XOF,Virement,REFW683O3FO
30750,10800.0,2023-07-15,108567.54,EUR,MTN MoMo,REFVP4JS6NL
30751,10359.0,2023-01-09,95028.49,XOF,Virement,REF1N5XYOD0
30752,10504.0,12/12/2023,100090.67,EUR,Carte,REF1DEU3DB8
30753,10022.0,2025-08-27,145969.3,XOF,Chèque,REF6BGRT4LB
30754,10278.0,2025-01-21,107054.4,XOF,Espèces,REFW710RWTC
30755,10355.0,18/05/2025,-190923.12,EUR,Espèces,REFYX95OJW9
30756,10045.0,28/10/2023,239234.77,XOF,Carte,REFF6A9XCXB
30757,10548.0,2023-03-21,115196.81,XOF,Virement,REFYI02O0YL
30758,10125.0,05/06/2025,164364.27,EUR,Carte,REFPC3Q1D05
30759,10006.0,09/07/2025,179981.11,XOF,Chèque,REF9NPTPR2P
30760,10500.0,15/05/2023,178320.14,XOF,Orange Money,REFK5JAW2DF
30761,10181.0,02/02/2025,154557.32,EUR,Chèque,REF8Q92BSUG
30762,10789.0,2023-02-16,194560.95,EUR,Orange Money,REFW1V49TDY
30763,10170.0,17/12/2023,178934.94,EUR,Virement,REFDAUBM3BC
30764,10414.0,2025-06-14,75740.25,XOF,MTN MoMo,REFQINMM5DE
30765,10449.0,2025-07-09,202149.36,XOF,Carte,REF9O2M470N
30766,10056.0,2023-05-16,203237.45,EUR,Virement,REFGFCFLJBT
30767,10021.0,2024-02-01,104202.83,XOF,Carte,REF365RD46W
30768,10295.0,02/07/2025,152276.27,EUR,Carte,REFOTS98IZ3
30769,10578.0,25/08/2023,190999.74,XOF,Carte,REFZLXOZV4W
30770,10061.0,09/02/2023,137441.17,EUR,Orange Money,REFN2KQVB3L
30771,10568.0,21/04/2025,214378.68,EUR,Espèces,REFXUFQJEGY
30772,10787.0,18/02/2023,291832.35,XOF,MTN MoMo,REF6LR6SAKR
30773,10025.0,27/01/2024,102840.84,EUR,Virement,REFFLGNFTC4
30774,10058.0,30/04/2023,67137.32,XOF,Virement,REF2TR11ANH
30775,10887.0,2024-09-29,168229.12,XOF,Carte,REFSMDKE87A
30776,10265.0,2024-10-09,193293.75,XOF,Espèces,REFLU6H2FOW
30777,10804.0,2025-03-03,136148.02,EUR,Orange Money,REFIQWB7YGH
30778,10050.0,2024-01-20,237195.64,XOF,Espèces,REFPF34HH4W
30779,10141.0,2024-10-22,69683.65,EUR,Carte,REFU5PHPYHX
30780,10757.0,2023-11-19,191575.12,XOF,Orange Money,REF8TEBTLDK
30781,10719.0,2023-08-27,113648.35,EUR,Carte,REF2IYBHK3H
30782,10833.0,16/08/2023,253162.67,XOF,Orange Money,REFXN1LVZFA
30783,10006.0,2023-01-25,269550.92,EUR,Virement,REFPKBRFBFL
30784,10752.0,02/06/2024,104000.6,XOF,Chèque,REFH9GCTS8H
30785,10454.0,24/05/2025,-117026.57,XOF,Chèque,REFQBYNS7EA
30786,10520.0,2024-11-07,201575.27,XOF,MTN MoMo,REFOS9GXCP8
30787,10397.0,12/01/2023,-126772.16,XOF,Chèque,REFRB0FGYNS
30788,10024.0,08/03/2024,147275.33,XOF,Carte,REFWDW29PHB
30789,10064.0,2024-06-27,151523.31,XOF,Orange Money,REFJTQU72J7
30790,10253.0,2023-07-17,34819.61,XOF,Espèces,REFNGHYSBZ0
30791,10425.0,2023-11-01,149169.74,XOF,MTN MoMo,REFIARU4HS7
30792,10658.0,05/03/2025,108616.33,EUR,Virement,REF05SA9C2L
30793,10554.0,13/10/2024,120412.63,XOF,MTN MoMo,REFKG84YNER
30794,10617.0,10/10/2023,236617.92,EUR,Espèces,REF9FI3M5RP
30795,10033.0,2024-06-24,74609.59,XOF,Carte,REFZO61LQON
30796,10120.0,2024-09-06,198792.31,EUR,Chèque,REFME6XKJUP
30797,10466.0,2023-06-28,133262.22,XOF,Orange Money,REFEZQJPAL1
30798,10107.0,22/08/2023,133214.39,EUR,Chèque,REFYS9W24XV
30799,10400.0,2023-05-22,197422.31,EUR,MTN MoMo,REFGOPDIORX
30800,10054.0,26/07/2024,170403.08,XOF,Virement,REF3UORWAOB
30801,10080.0,2023-06-02,184236.78,XOF,Chèque,REFVPK2U4AV
30802,10441.0,2024-02-06,208091.08,XOF,MTN MoMo,REFMLZBD554
30803,10134.0,01/11/2024,130121.5,XOF,Chèque,REF6L3EXTS6
30804,10703.0,10/08/2025,113265.8,XOF,Carte,REFD9N1O5BQ
30805,10643.0,28/06/2024,84890.97,XOF,Chèque,REF3DYJXM8O
30806,10181.0,2023-06-01,100475.37,XOF,Chèque,REFLULYM7Y6
30807,10063.0,2025-05-17,326945.67,XOF,Virement,REFC9ASZ5G4
30808,10563.0,2024-07-04,224680.77,XOF,Espèces,REFU0C0Y5F2
30809,10543.0,25/01/2025,68935.54,XOF,Virement,REFO70AXW9V
30810,10507.0,2024-04-13,70652.52,XOF,Espèces,REFIZFZMQP7
30811,10511.0,10/12/2024,178911.96,XOF,Espèces,REF967EW1Z6
30812,10493.0,03/06/2023,182835.89,XOF,MTN MoMo,REFD2OW25AV
30813,10453.0,26/07/2024,182933.03,XOF,Virement,REFCWEEEMMV
30814,10794.0,21/02/2023,134702.65,XOF,Virement,REFMNUUN4TJ
30815,10271.0,25/11/2024,142472.74,XOF,Chèque,REF9IHJC5YS
30816,10021.0,29/02/2024,169672.77,XOF,Virement,REFVKLQ0XJL
30817,10022.0,30/01/2025,155153.58,XOF,MTN MoMo,REFSCDCOWDX
30818,10081.0,24/11/2023,16841.98,EUR,Chèque,REFWQRNBANX
30819,10021.0,15/10/2024,136212.02,XOF,Virement,REFPGJX19EM
30820,10157.0,04/01/2023,98915.61,XOF,Chèque,REF0BS90XP7
30821,10511.0,21/05/2024,160512.69,EUR,Virement,REF4HUDSNJ5
30822,10826.0,2024-08-23,329115.54,EUR,Virement,REF96FF30AP
30823,10361.0,18/04/2023,172048.9,EUR,MTN MoMo,REF7Q2398NL
30824,10230.0,2023-07-17,131188.22,XOF,Carte,REFCXX3LNC3
30825,10768.0,08/04/2023,205308.09,XOF,Chèque,REFEAABRPX1
30826,10366.0,2025-06-28,178961.27,XOF,Orange Money,REF1MW7I6BX
30827,,17/07/2023,175205.67,EUR,MTN MoMo,REF4NVGUW6Y
30828,10726.0,2025-06-10,186411.04,XOF,Chèque,REFG6YRGC5F
30829,10267.0,16/02/2025,273392.61,EUR,Orange Money,REFLV0LXJV3
30830,10819.0,2023-04-28,82146.69,XOF,Orange Money,REF8U81NWYT
30831,10007.0,2024-08-11,178417.92,EUR,MTN MoMo,REF7CM4IWTA
30832,10456.0,02/03/2023,94417.13,XOF,Carte,REFD627DTQ9
30833,10489.0,2023-12-30,183330.76,EUR,Espèces,REFP6W30Y28
30834,10738.0,07/12/2023,94878.81,XOF,Espèces,REFAGXMNKN4
30835,10867.0,2025-02-27,124957.99,XOF,Chèque,REF0VR9DCAS
30836,10630.0,22/01/2023,132294.61,XOF,MTN MoMo,REFWK51GLRA
30837,10429.0,2025-05-07,208549.0,XOF,Chèque,REF46H4AH5K
30838,10557.0,02/09/2024,-205107.27,EUR,Chèque,REFFH72NMCE
30839,10863.0,21/02/2023,75256.96,XOF,Carte,REFP5CUJEXU
30840,10876.0,28/11/2024,153296.05,XOF,Orange Money,REFV9OB7NBQ
30841,10631.0,06/03/2024,107425.21,XOF,Virement,REFS1TLQ4T6
30842,10157.0,2023-09-20,74489.71,EUR,Chèque,REFTPG97GZA
30843,10799.0,2025-08-25,-136978.98,XOF,MTN MoMo,REFRL9A3G17
30844,10394.0,08/04/2024,131491.03,XOF,MTN MoMo,REFN1SCAFT8
30845,10771.0,02/05/2025,295602.99,XOF,Orange Money,REFQPLUYG3H
30846,10109.0,2024-01-18,175977.59,XOF,Chèque,REF2EXWNSCI
30847,10827.0,2024-08-17,67342.95,XOF,Carte,REFK0KJ1YTL
30848,10620.0,2025-02-17,116113.56,XOF,Espèces,REF9Z9WYP4V
30849,10022.0,30/09/2024,211283.0,EUR,Chèque,REF3S63LC6P
30850,10740.0,03/02/2024,275306.57,XOF,Chèque,REFFA5QUB00
30851,,2024-07-21,54841.0,EUR,MTN MoMo,REFZVZZG9BC
30852,10086.0,10/01/2024,37204.54,EUR,Orange Money,REFMUP1YVWQ
30853,10271.0,2024-10-22,262257.91,XOF,Orange Money,REFGNVBA43I
30854,10269.0,2025-08-12,173376.85,EUR,Virement,REFZRTU4FSI
30855,10675.0,2025-01-31,97902.44,XOF,Espèces,REFTGIWEL4R
30856,10617.0,11/10/2023,182077.75,XOF,MTN MoMo,REFW1NN9F7Q
30857,10015.0,31/05/2024,-8144.86,EUR,Orange Money,REFLGLYZFIZ
30858,10099.0,2025-01-26,150202.53,EUR,Espèces,REFLPTR5NAZ
30859,10878.0,08/12/2024,169669.27,XOF,Espèces,REF2G6B4TSG
30860,10753.0,22/12/2023,205456.21,EUR,MTN MoMo,REFAP1WNSQH
30861,10020.0,20/06/2024,89166.24,EUR,Espèces,REFFHZCOQ4C
30862,10379.0,22/07/2023,155141.23,XOF,MTN MoMo,REF41357P71
30863,10872.0,15/12/2024,94474.52,EUR,MTN MoMo,REFD99VRS5Y
30864,10870.0,07/12/2023,165323.03,XOF,Virement,REFZX195O3Q
30865,10766.0,2024-01-08,96279.22,XOF,MTN MoMo,REF3LFLN7FT
30866,10898.0,2024-11-03,125513.95,XOF,Espèces,REF2EU0ESQU
30867,10486.0,23/08/2025,90251.08,XOF,MTN MoMo,REFMBN4HZWC
30868,10150.0,2024-08-19,189068.17,XOF,MTN MoMo,REFRNR21IXW
30869,10369.0,2024-01-21,201507.07,XOF,MTN MoMo,REFLBUWCHGT
30870,10630.0,2024-08-19,135922.77,XOF,Carte,REFSD6QK06H
30871,10410.0,2023-01-27,152294.28,XOF,Chèque,REFJ1H3EEHP
30872,10810.0,01/01/2025,63084.52,XOF,Chèque,REF1CVYS2I6
30873,10716.0,2023-09-04,-132019.4,XOF,Orange Money,REF8NZJEE1B
30874,10831.0,22/06/2024,146987.72,XOF,Chèque,REFZYIE8MYL
30875,10008.0,11/08/2023,307247.59,XOF,MTN MoMo,REFRE2AGIF4
30876,10539.0,11/07/2024,83281.98,XOF,Carte,REFOAJNEQ5D
30877,10064.0,03/08/2024,237850.63,XOF,Orange Money,REFA6CV41CO
30878,10653.0,23/06/2023,209811.53,XOF,Orange Money,REFX8G4XU43
30879,10320.0,2023-01-06,166838.18,XOF,Espèces,REF5IO7R6FW
30880,10290.0,09/01/2024,-255517.23,EUR,MTN MoMo,REF06Y5MIHA
30881,10412.0,28/12/2024,172326.33,XOF,Virement,REFL4J7RB6X
30882,10830.0,16/01/2025,173349.55,XOF,Carte,REFVPB5V72K
30883,10001.0,2024-05-04,146812.76,EUR,MTN MoMo,REFOIUINXS8
30884,10493.0,2023-10-12,223414.13,XOF,Orange Money,REFZATDFNMD
30885,10318.0,2024-03-16,215788.15,XOF,MTN MoMo,REFA3AU16N4
30886,10524.0,2025-01-03,112459.36,XOF,MTN MoMo,REFXCS16AHA
30887,10385.0,23/12/2023,70845.17,EUR,Orange Money,REF04ERMQM7
30888,10761.0,2024-08-15,137821.16,EUR,Chèque,REFW2KDOFFW
30889,10528.0,2024-10-04,101997.69,XOF,Virement,REFP55U1R8A
30890,10064.0,04/01/2023,146188.53,XOF,Orange Money,REF3NYIR1DK
30891,10147.0,2025-01-09,224246.29,XOF,MTN MoMo,REFMCKUM88B
30892,10644.0,2024-09-24,122561.9,XOF,Chèque,REFQ9P7EQFJ
30893,10423.0,06/10/2024,147430.6,XOF,Orange Money,REFLXEZXPFH
30894,10007.0,2024-03-26,153481.36,XOF,Chèque,REFGNM6HXG0
30895,10461.0,2024-03-07,200905.85,XOF,Virement,REF7RJBN9QB
30896,10790.0,2024-07-16,15186.64,XOF,Virement,REFWH40W6A7
30897,10782.0,2025-06-29,113597.98,XOF,Virement,REFPD327KJO
30898,10492.0,2024-01-21,162677.02,XOF,Orange Money,REFLBJM0C55
30899,10314.0,11/09/2023,222004.74,XOF,Orange Money,REFQAU5SEFM
30900,10343.0,22/02/2025,120485.85,XOF,Espèces,REFYFI7Y01M
30901,10578.0,01/05/2023,37406.84,XOF,Carte,REFG43154MA
30902,10444.0,15/05/2024,187182.69,XOF,Carte,REFI6KDPR2V
30903,10713.0,06/12/2024,111878.26,XOF,Orange Money,REFL45UBMR8
30904,10778.0,2023-11-10,78620.0,XOF,MTN MoMo,REF6IQPHXI1
30905,10649.0,2023-11-22,112539.28,XOF,Espèces,REFVQFN0IZH
30906,10271.0,28/08/2025,138928.48,XOF,Carte,REFLOL3D7CI
30907,10196.0,22/01/2023,113715.32,XOF,Chèque,REF82P3TX0B
30908,10363.0,2025-04-09,17666.04,XOF,Carte,REFFJ5PIJXQ
30909,10547.0,2023-02-16,203823.97,XOF,Carte,REFKG4REPUO
30910,10067.0,22/04/2023,226492.5,XOF,Espèces,REFQJT510LK
30911,10332.0,2025-08-12,189091.32,XOF,Chèque,REFCDOTVOIW
30912,10020.0,2023-01-15,81738.86,XOF,MTN MoMo,REFTBKYR06O
30913,10444.0,2023-01-11,137910.51,XOF,Carte,REFSW1YK83G
30914,10540.0,2025-03-11,149608.72,EUR,Carte,REFB7TH34CU
30915,10707.0,06/04/2023,185927.66,XOF,Virement,REFVH0AMXA6
30916,10538.0,17/03/2025,190100.43,EUR,Espèces,REFKOU0HYO3
30917,10209.0,17/06/2025,105949.57,XOF,MTN MoMo,REFW32DCMHU
30918,10374.0,05/12/2024,154919.73,XOF,Virement,REFHROXIL6R
30919,10534.0,2024-04-10,177436.82,XOF,Virement,REFQOYJSAZI
30920,10091.0,03/03/2024,237349.34,EUR,Carte,REFVHXLWI1C
30921,10570.0,03/07/2025,192270.39,XOF,Virement,REFPMVI1V0I
30922,10795.0,2023-06-28,-197343.4,XOF,Virement,REF4DP632F9
30923,10838.0,2024-12-12,155029.6,EUR,Orange Money,REFR9J94U9J
30924,10449.0,18/04/2023,234627.55,EUR,Virement,REFETLLG3T9
30925,10436.0,20/12/2024,174585.77,EUR,Virement,REFQOZ9G5YX
30926,10723.0,03/09/2023,98334.73,EUR,Orange Money,REFMRCOTX8O
30927,10726.0,2023-09-07,234202.2,EUR,Chèque,REF26SMMQZ6
30928,10371.0,2024-07-30,191874.2,XOF,Orange Money,REFOTY26GKT
30929,10580.0,2025-07-14,123417.36,XOF,Orange Money,REFKJLG3OXF
30930,10491.0,11/04/2025,121230.42,EUR,Orange Money,REF108PO1VA
30931,10855.0,2025-03-22,167794.53,XOF,MTN MoMo,REFRDFV37SN
30932,10327.0,29/05/2025,177791.09,EUR,Orange Money,REF7AR0SWHC
30933,10131.0,2024-09-29,161837.54,XOF,Virement,REFG6C7NNLK
30934,10388.0,06/08/2023,168678.52,EUR,Orange Money,REFY12O5MLH
30935,10735.0,2024-10-02,251997.44,XOF,Espèces,REF2073O9YC
30936,10352.0,18/07/2023,214292.59,XOF,Chèque,REFKYNQVSKI
30937,10708.0,2025-07-06,161438.14,XOF,Chèque,REFQ4NOAUJ9
30938,10428.0,22/01/2023,206478.63,XOF,Virement,REFVVPO0T27
30939,10833.0,02/12/2024,88048.57,XOF,Chèque,REFDXG97SJD
30940,10822.0,2025-01-30,173875.62,XOF,Orange Money,REF5F0V5VYK
30941,10072.0,2024-12-03,258558.38,XOF,Virement,REF3VV7RMN4
30942,10774.0,24/07/2024,136917.25,EUR,Virement,REFM59PCYD2
30943,10292.0,2023-04-12,99141.96,EUR,Chèque,REFV2XX0ZE5
30944,10393.0,2024-05-05,110874.67,XOF,Carte,REFLQ93BVMY
30945,10168.0,2024-07-05,84622.02,XOF,MTN MoMo,REFU0E4QU8I
30946,10398.0,2024-02-01,102914.29,XOF,Orange Money,REFSRPUC8EY
30947,10332.0,2024-08-21,-127769.51,XOF,MTN MoMo,REFY2JKQQNJ
30948,10744.0,2023-06-04,65665.98,XOF,Chèque,REFQXTJBLDW
30949,10626.0,07/05/2023,150937.1,EUR,Chèque,REFT97BLSVY
30950,10693.0,2025-07-14,-204136.63,EUR,MTN MoMo,REFQ6QBGXW4
30104,10042.0,13/05/2024,59177.14,XOF,Orange Money,REFFWAWQ4X6
30655,10339.0,19/08/2025,222716.64,XOF,Orange Money,REFEQY8LBKY
30869,10369.0,2024-01-21,201507.07,XOF,MTN MoMo,REFLBUWCHGT
30270,10809.0,07/08/2023,218026.21,EUR,Carte,REFX2BSIJEJ
30709,10037.0,2025-08-04,198683.79,XOF,Carte,REFKB0TNRU4
30256,10627.0,2025-03-22,232466.29,EUR,Virement,REFSZO1I736
30732,10358.0,13/03/2024,88820.14,XOF,Orange Money,REFBYACH4L0
30637,10320.0,09/07/2025,180039.94,EUR,Chèque,REFKYLJ1J2P
30547,10900.0,03/03/2025,96072.96,XOF,MTN MoMo,REFDTDUPWTB
30615,10374.0,2023-07-20,189955.46,XOF,Espèces,REFPHWN109M
30121,,2023-01-04,142124.58,XOF,Carte,REFJKF2V7MQ
30011,10517.0,25/05/2024,216424.84,XOF,Chèque,REFMTB6T9BY
